{
  "prompt_v1_scores": {
    "faithfulness": 0.8481049562682215,
    "answer_relevancy": 0.6877525209392867,
    "context_recall": 0.74,
    "context_precision": 0.5683333332829166
  },
  "prompt_v2_scores": {
    "faithfulness": 0.9444444444444445,
    "answer_relevancy": 0.7652604831696166,
    "context_recall": 0.7083333333333334,
    "context_precision": 0.6428571428071429
  },
  "target_met": true
}